docket,name,term,decision_margin,kks_correct,courtcast_correct,mplus_correct
04-373,MARYLAND v. LEEANDER JEROME BLAKE,2005,9.0,0,0,1
10-8974,BARION PERRY v. NEW HAMPSHIRE,2011,8.0,0,0,0
10-1150,"MAYO COLLABORATIVE SERVICES, DBA MAYO MEDICAL LABORATORIES, et al., PETITIONERS v. PROMETHEUS LABORATORIES, INC.",2011,9.0,0,0,1
06-1181,DADA v. MUKASEY,2007,5.0,1,1,0
06-531,"MICHAEL W. SOLE, SECRETARY, FLORIDA DEPARTMENT OF ENVIRONMENTAL PROTECTION, et al. v. T. A. WYNER, et al.",2006,9.0,1,1,1
09-11556,"JOSE TOLENTINO, PETITIONER v. NEW YORK",2010,9.0,1,1,1
10-844,"CARACO PHARMACEUTICAL LABORATORIES, LTD., et al., PETITIONERS v. NOVO NORDISK A/S et al.",2011,9.0,1,1,1
07-869,"BEN YSURSA, IDAHO SECRETARY OF STATE, et al. v. POCATELLO EDUCATION ASSOCIATION et al.",2008,6.0,1,1,1
11-460,"LOS ANGELES COUNTY FLOOD CONTROL DISTRICT PETITIONER v. NATURAL RESOURCES DEFENSE COUNCIL, INC., et al.",2012,9.0,1,1,1
05-1345,"UNITED HAULERS ASSOCIATION, INC., et al. v. ONEIDA-HERKIMER SOLID WASTE MANAGEMENT AUTHORITY, et al.",2006,6.0,1,1,0
09-223,"RICHARD A. LEVIN, TAX COMMISSIONER OF OHIO v. COMMERCE ENERGY, INC., et al.",2009,9.0,1,1,1
09-9000,"HENRY W. SKINNER, PETITIONER v. LYNN SWITZER, DISTRICT ATTORNEY FOR THE 31ST JUDICIAL DISTRICT OF TEXAS",2010,6.0,1,1,1
05-1342,"LINDA A. WATTERS, COMMISSIONER, MICHIGAN OFFICE OF INSURANCE AND FINANCIAL SERVICES v. WACHOVIA BANK, N. A., et al.",2006,5.0,1,1,0
06-694,UNITED STATES v. MICHAEL WILLIAMS,2007,7.0,1,1,1
10-1016,"DANIEL COLEMAN, PETITIONER v. COURT OF APPEALS OF MARYLAND et al.",2011,5.0,0,0,0
07-901,OREGON v. THOMAS EUGENE ICE,2008,5.0,1,1,1
10-114,"RICKY D FOX, PETITIONER v. JUDY ANN VICE, AS EXECUTRIX OF THE ESTATE OF VICE, et al.",2010,9.0,0,1,1
10-444,"MISSOURI, PETITIONER v. GALIN E. FRYE",2011,5.0,1,1,1
13-983,ELONIS v. UNITED STATES,2014,8.0,1,1,1
09-958,"TOBY DOUGLAS, DIRECTOR, CALIFORNIA DEPARTMENT OF HEALTH CARE SERVICES, PETITIONER v. INDEPENDENT LIVING CENTER OF SOUTHERN CALIFORNIA, INC., et al.",2011,5.0,1,1,1
06-116,"ALICIA G. LIMTIACO, ATTORNEY GENERAL OF GUAM v. FELIX P. CAMACHO, GOVERNOR OF GUAM",2006,5.0,1,1,1
10-930,"CHARLES L. RYAN, PETITIONER v. ERNEST VALENCIA GONZALES",2012,9.0,1,1,1
09-520,"CSX TRANSPORTATION, INC., PETITIONER v. ALABAMA DEPARTMENT OF REVENUE et al.",2010,7.0,0,0,1
10-680,"CAROL HOWES, WARDEN, PETITIONER v. RANDALL LEE FIELDS",2011,6.0,1,1,1
10-290,"MICROSOFT CORPORATION, PETITIONER v. I4I  LIMITED PARTNERSHIP et al.",2010,8.0,1,1,0
11-1327,"LAMAR EVANS, PETITIONER v. MICHIGAN",2012,8.0,0,0,1
09-525,"JANUS CAPITAL GROUP, INC., et al., PETITIONERS v. FIRST DERIVATIVE TRADERS",2010,5.0,1,1,1
11-1285,"US AIRWAYS, INC., IN ITS CAPACITY AS FIDUCIARY AND PLAN ADMINISTRATOR OF THE US AIRWAYS, INC. EMPLOYEE BENEFITS PLAN, PETITIONER v. JAMES E. MCCUTCHEN et al.",2012,5.0,0,0,1
10-1121,"DIANNE KNOX, et al., PETITIONERS v. SERVICE EMPLOYEES INTERNATIONAL UNION, LOCAL 1000",2011,7.0,1,0,1
11-1447,KOONTZ v. ST. JOHNS RIVER WATER MGMT. DIST.,2012,5.0,0,0,1
11-262,"VIRGIL D. 'GUS' REICHLE, JR., et al., PETITIONERS v. STEVEN HOWARDS",2011,8.0,1,1,1
134 ORIG,,2007,5.0,1,0,
08-289,"THOMAS C. HORNE, SUPERINTENDENT, ARIZONA PUBLIC INSTRUCTION v. MIRIAM FLORES et al.",2008,5.0,1,0,1
09-834,"KEVIN KASTEN, PETITIONER v. SAINT-GOBAIN PERFORMANCE PLASTICS CORPORATION",2010,6.0,1,1,1
09-837,"MAYO FOUNDATION FOR MEDICAL EDUCATION AND RESEARCH, et al., PETITIONERS v. UNITED STATES",2010,8.0,1,1,0
09-1403,"ERICA P. JOHN FUND, INC., FKA ARCHDIOCESE OF MILWAUKEE SUPPORTING FUND, INC., PETITIONER v. HALLIBURTON CO., et al.",2010,9.0,1,1,1
11-465,"DEBORAH K. JOHNSON, ACTING WARDEN, PETITIONER v. TARA SHENEVA WILLIAMS",2012,9.0,1,1,1
13-132,RILEY v. CALIFORNIA,2013,9.0,1,1,1
04-1084,"ALBERTO R. GONZALES, ATTORNEY GENERAL, et al. v. O CENTRO ESPIRITA BENEFICENTE UNIAO DO VEGETAL et al.",2005,8.0,0,0,0
10-1018,"STEVE A. FILARSKY, PETITIONER v. NICHOLAS B. DELIA.",2011,9.0,1,1,1
11-10362,"KIM MILLBROOK, PETITIONER v. UNITED STATES",2012,9.0,1,1,1
05-6551,JOHN CUNNINGHAM V.CALIFORNIA,2006,6.0,1,1,1
12-536,MCCUTCHEON v. FEC,2013,5.0,1,1,1
13-1487,HENDERSON v. UNITED STATES,2014,9.0,1,1,1
08-267,UNITED STATES v. JACOB DENEDO,2008,5.0,0,0,0
05-259,BURLINGTON NORTHERN & SANTA FE RAILWAY COMPANY v. SHEILA WHITE,2005,9.0,1,0,0
08-1470,"MARY BERGHUIS, WARDEN v. VAN CHESTER THOMPKINS",2009,5.0,1,1,1
08-1423,"COSTCO WHOLESALE CORPORATION, PETITIONER  v. OMEGA, S.A.",2010,4.0,1,1,0
08-304,"GRAHAM COUNTY SOIL AND WATER CONSERVATION DISTRICT, et al. v. UNITED STATES ex rel. KAREN T. WILSON",2009,7.0,1,1,1
08-305,FOREST GROVE SCHOOL DISTRICT v. T. A.,2008,6.0,0,0,0
08-6261,JOHN ROBERTSON v. UNITED STATES ex rel. WYKENNA WATSON,2009,5.0,0,0,0
13-1314,ARIZONA STATE LEGISLATURE v. ARIZONA INDEPENDENT REDISTRICTING COMMISSION,2014,5.0,0,0,0
06-1646,UNITED STATES v. GINO RODRIQUEZ,2007,6.0,1,1,1
07-499,"DANIEL GIRMAI NEGUSIE v. ERIC H. HOLDER, JR., ATTORNEY GENERAL",2008,8.0,1,1,0
06-1498,"WARNER-LAMBERT CO., LLC, et al. v. KIMBERLY KENT et al.",2007,4.0,0,0,0
11-820,"ROSELVA CHAIDEZ, PETITIONER v. UNITED STATES",2012,7.0,0,0,0
13-894,DEP'T OF HOMELAND SEC. v. MACLEAN,2014,7.0,0,1,0
13-895,ALA. LEGISLATIVE BLACK CAUCUS v. ALABAMA,2014,5.0,0,1,1
13-354,BURWELL v. HOBBY LOBBY STORES,2013,5.0,0,0,0
05-1074,"LILLY M. LEDBETTER v. THE GOODYEAR TIRE & RUBBER COMPANY, INC.",2006,5.0,0,1,0
12-43,"PPL CORPORATION AND SUBSIDIARIES, PETITIONERS v. COMMISSIONER OF INTERNAL REVENUE",2012,9.0,1,1,0
13-299,CLARK v. RAMEKER,2013,9.0,0,1,0
11-210,"UNITED STATES, PETITIONER v. XAVIER ALVAREZ",2011,6.0,0,0,0
13-352,"B&B HARDWARE, INC. v. HARGIS INDUS., INC.",2014,7.0,1,1,1
08-604,"UNION PACIFIC RAILROAD COMPANY v. BROTHERHOOD OF LOCOMOTIVE ENGINEERS AND TRAINMEN GENERAL COMMITTEE OF ADJUSTMENT, CENTRAL REGION",2009,9.0,1,0,0
08-769,UNITED STATES v. ROBERT J. STEVENS,2009,8.0,1,0,0
06-1249,WYETH v. DIANA LEVINE,2008,6.0,0,0,0
08-1457,"NEW PROCESS STEEL, L. P. v. NATIONAL LABOR RELATIONS BOARD",2009,5.0,0,1,1
11-597,"ARKANSAS GAME AND FISH COMMISSION, PETITIONER v. UNITED STATES",2012,8.0,1,1,1
11-796,"VERNON HUGH BOWMAN, PETITIONER v. MONSANTO COMPANY et al.",2012,9.0,1,1,0
11-88,"ASID MOHAMAD, INDIVIDUALLY AND FOR THE ESTATE OF AZZAM RAHIM, DECEASED, et al., PETITIONERS v. PALESTINIAN AUTHORITY et al.",2011,9.0,1,1,0
11-798,"AMERICAN TRUCKING ASSOCIATIONS, INC., PETITIONER v. CITY OF LOS ANGELES, CALIFORNIA, et al.",2012,9.0,1,1,1
08-22,"HUGH M. CAPERTON, et al. v. A. T. MASSEY COAL COMPANY, INC., et al.",2008,5.0,1,1,1
13-684,"JESINOSKI v. COUNTRYWIDE HOME LOANS, INC.",2014,9.0,1,1,1
13-9026,WHITFIELD v. UNITED STATES,2014,9.0,0,1,0
06-1413,"MEADWESTVACO CORPORATION, SUCCESSOR IN INTEREST TO THE MEAD CORPORATION v. ILLINOIS DEPARTMENT OF REVENUE ET AL",2007,9.0,0,0,1
12-142,"MUTUAL PHARMACEUTICAL COMPANY, INC., PETITIONER v. KAREN L. BARTLETT",2012,5.0,1,1,1
08-1224,"UNITED STATES v. GRAYDON EARL COMSTOCK, JR., et al.",2009,7.0,1,1,1
08-861,"FREE ENTERPRISE FUND AND BECKSTEAD AND WATTS, LLP v. PUBLIC COMPANY ACCOUNTING OVERSIGHT BOARD et al.",2009,5.0,0,0,1
09-497,"RENT-A-CENTER, WEST, INC. v. ANTONIO JACKSON",2009,5.0,1,1,1
09-1454,"BOB CAMRETA, PETITIONER v. SARAH GREENE, PERSONALLY AND AS NEXT FRIEND OF S. G., A MINOR, AND K. G., A MINOR",2010,7.0,1,1,1
12-398,"ASSOCIATION FOR MOLECULAR PATHOLOGY, et al., PETITIONERS v. MYRIAD GENETICS, INC., et al.",2012,9.0,1,1,1
12-399,ADOPTIVE COUPLE v. BABY GIRL,2012,5.0,1,1,1
04-712,"LINCOLN PROPERTY COMPANY, et al. v. CHRISTOPHE ROCHE, ET UX.",2005,9.0,1,1,1
05-493,"ROBERT L. AYERS, JR., ACTING WARDEN v. FERNANDO BELMONTES",2006,5.0,1,1,1
12-820,LOZANO v. MONTOYA ALVAREZ,2013,9.0,1,0,0
07-544,"ANTHONY HEDGPETH, WARDEN v. MICHAEL ROBERT PULIDO",2008,6.0,1,1,1
07-543,AT&T CORPORATION v. NOREEN HULTEEN et al.,2008,7.0,1,1,1
07-542,ARIZONA v. RODNEY JOSEPH GANT,2008,5.0,0,1,0
09-11121,"J. D. B., PETITIONER v. NORTH CAROLINA",2010,5.0,1,1,1
13-433,"INTEGRITY STAFFING SOLUTIONS, INC. v. BUSK",2014,9.0,1,1,1
11-5683,"EDWARD DORSEY, SR., PETITIONER  v. UNITED STATES",2011,5.0,1,1,1
12-1128,"MEDTRONIC, INC. v. MIROWSKI FAMILY VENTURES, LLC",2013,9.0,1,1,1
08-6925,CURTIS DARNELL JOHNSON v. UNITED STATES,2009,7.0,0,1,0
04-1034,"JOHN A. RAPANOS, ET UX., et al. v. UNITED STATES",2005,5.0,1,1,0
12-417,SANDIFER v. UNITED STATES STEEL CORP.,2013,9.0,1,1,0
10-568,"NEVADA COMMISSION ON ETHICS, PETITIONER v. MICHAEL A. CARRIGAN",2010,9.0,0,1,1
"105, Orig.",,-1,9.0,1,,
06-5618,MARIO CLAIBORNE v. UNITED STATES,2006,9.0,0,1,0
07-330,GREENLAW v. UNITED STATES,2007,6.0,1,1,1
05-785,"THOMAS L. CAREY, WARDEN v. MATHEW MUSLADIN",2006,9.0,1,1,1
11-139,"UNITED STATES, PETITIONER v. HOME CONCRETE & SUPPLY, LLC, et al.",2011,5.0,0,0,0
04-433,"JOSEPH ANZA, et al. v. IDEAL STEEL SUPPLY CORP.",2005,9.0,1,1,1
06-5754,VICTOR A. RITA v. UNITED STATES,2006,8.0,0,1,1
13-854,"TEVA PHARMS. USA, INC. v. SANDOZ, INC.",2014,7.0,1,1,1
05-5992,JACOB ZEDNER v. UNITED STATES,2005,9.0,1,1,0
12-10882,HALL v. FLORIDA,2013,5.0,0,1,1
13-369,"NAUTILUS, INC. v. BIOSIG INSTRUMENTS, INC",2013,9.0,1,1,1
10-1042,"TAMMY FORET FREEMAN, et al., PETITIONERS v. QUICKEN LOANS, INC.",2011,9.0,0,1,0
10-895,"RAFAEL ARRIAZA GONZALES v. RICK THALER, DIRECTOR, TEXAS DEPARTMENT OF CRIMINAL JUSTICE, CORRECTIONAL INSTITUTIONS DIVISION",2011,8.0,0,1,0
05-608,"MEDIMMUNE, INC. v. GENENTECH, INC., et al.",2006,8.0,1,1,1
09-5327,ALBERT HOLLAND v. FLORIDA,2009,7.0,0,1,1
05-1256,"PHILIP MORRIS USA v. MAYOLA WILLIAMS, PERSONAL REPRESENTATIVE OF THE ESTATE OF JESSE D. WILLIAMS, DECEASED",2006,5.0,0,1,1
13-7120,JOHNSON v. UNITED STATES,2014,8.0,1,1,1
10-788,"CHARLES A. REHBERG, PETITIONER v. JAMES P. PAULK",2011,9.0,0,1,0
10-708,"FIRST AMERICAN FINANCIAL CORPORATION, SUCCESSOR IN INTEREST TO THE FIRST AMERICAN CORPORATION, et al., PETITIONERS v. DENISE P. EDWARDS",2011,9.0,0,0,0
09-1343,"J. MCINTYRE MACHINERY, LTD., PETITIONER v. ROBERT NICASTRO, INDIVIDUALLY AND AS ADMINISTRATOR OF THE ESTATE OF ROSEANNE NICASTRO",2010,6.0,0,1,1
07-1428,"FRANK RICCI, et al. v. JOHN DESTEFANO et al.",2008,5.0,1,0,1
10-1195,"MARCUS D. MIMS, PETITIONER v. ARROW FINANCIAL SERVICES, LLC",2011,9.0,1,1,1
13-1175,"CITY OF LOS ANGELES, CALIFORNIA v. PATEL",2014,5.0,0,0,0
04-1376,"HUMBERTO FERNANDEZ-VARGAS v. ALBERTO R. GONZALES, ATTORNEY GENERAL",2005,8.0,1,0,0
12-52,"DAN’S CITY USED CARS, INC., DBA DAN’S CITY AUTO BODY, PETITIONER v. ROBERT PELKEY",2012,9.0,1,1,0
04-1371,"MERRILL LYNCH, PIERCE, FENNER & SMITH INC. v. SHADI DABIT",2005,8.0,1,1,1
04-52,"BERTRAM RICE, WARDEN, et al. v. STEVEN MARTELL COLLINS",2005,9.0,1,1,1
09-400,"VINCENT E. STAUB, PETITIONER v. PROCTOR HOSPITAL",2010,8.0,1,1,1
07-1601,"BURLINGTON NORTHERN AND SANTA FE RAILWAY COMPANY, et al. v. UNITED STATES et al.",2008,8.0,1,1,1
11-864,"COMCAST CORPORATION, et al., PETITIONERS v. CAROLINE BEHREND et al.",2012,5.0,1,1,1
07-1356,KANSAS v. DONNIE RAY VENTRIS,2008,7.0,1,1,1
13-1352,OHIO v. CLARK,2014,9.0,1,1,1
05-352,UNITED STATES v. CUAUHTEMOC GONZALEZ-LOPEZ,2005,5.0,0,0,0
13-316,LOUGHRIN v. UNITED STATES,2013,9.0,1,0,0
07-615,MINISTRY OF DEFENSE AND SUPPORT FOR THE ARMED FORCES OF THE ISLAMIC REPUBLIC OF IRAN v. DARIUSH ELAHI,2008,6.0,1,1,1
11-398,,-1,5.0,0,,
13-317,"HALLIBURTON CO. v. ERICA P. JOHN FUND, INC.",2013,9.0,0,0,1
07-610,"DANIEL B. LOCKE, et al. v. EDWARD A. KARASS, STATE CONTROLLER, et al.",2008,9.0,0,1,0
11-393,"NATIONAL FEDERATION OF INDEPENDENT BUSINESS, et al., PETITIONERS v. KATHLEEN SEBELIUS, SECRETARY OF HEALTH AND HUMAN SERVICES, et al.",2011,5.0,1,0,0
07-591,LUIS E. MELENDEZ-DIAZ v. MASSACHUSETTS,2008,5.0,0,0,0
12-895,ROSEMOND v. UNITED STATES,2013,7.0,0,0,1
07-1216,"PHILIP MORRIS USA INC. v. MAYOLA WILLIAMS, PERSONAL REPRESENTATIVE OF THE ESTATE OF JESSE D. WILLIAMS, DECEASED",2008,9.0,0,0,1
13-193,SUSAN B. ANTHONY LIST v. DRIEHAUS,2013,9.0,1,1,1
09-893,"AT&T MOBILITY LLC, PETITIONER v. VINCENT CONCEPTION ET UX",2010,5.0,0,1,1
10-98,"JOHN D. ASHCROFT, PETITIONER v. ABDULLAH AL-KIDD",2010,8.0,0,0,1
07-208,INDIANA v. EDWARDS,2007,7.0,1,1,1
05-8820,GARY LAWRENCE v. FLORIDA,2006,5.0,0,0,0
11-551,SALAZAR v. RAMAH NAVAJO CHAPTER,2011,5.0,0,0,0
07-751,"CORDELL PEARSON, et al. v. AFTON CALLAHAN",2008,9.0,1,1,1
06-1322,"FEDERAL EXPRESS CORPORATION v. PAUL HOLOWECKI, ET AL",2007,7.0,1,1,0
06-1321,"MYRNA GOMEZ-PEREZ v. JOHN E. POTTER, POSTMASTER GENERAL",2007,6.0,0,1,1
12-562,UNITED STATES v. WOODS,2013,9.0,1,1,1
05-983,"JACOB WINKELMAN, A MINOR, BY AND THROUGH HIS PARENTS AND LEGAL GUARDIANS, JEFF AND SANDEE WINKELMAN, et al. v. PARMA CITY SCHOOL DISTRICT",2006,7.0,1,1,1
10-9995,"PATRICK WOOD, PETITIONER v. KEVIN MILYARD, WARDEN, et al.",2011,9.0,1,1,1
08-645,TIMOTHY MARK CAMERON ABBOTT v. JACQUELYN VAYE ABBOTT,2009,6.0,1,1,1
06-1286,"MICHAEL J. KNIGHT, TRUSTEE OF THE WILLIAM L. RUDKIN TESTAMENTARY TRUST v. COMMISSIONER OF INTERNAL REVENUE",2007,9.0,0,0,1
08-351,"ANITA ALVAREZ, COOK COUNTY STATE'S ATTORNEY v. CHERMANE SMITH et al.",2009,8.0,1,1,1
04-1414,UNITED STATES v. JEFFREY GRUBBS,2005,8.0,1,1,1
08-1301,THOMAS CARR v. UNITED STATES,2009,6.0,1,1,0
08-453,"ANDREW M. CUOMO, ATTORNEY GENERAL OF NEW YORK v. THE CLEARING HOUSE ASSOCIATION, L. L. C., et al.",2008,5.0,0,0,0
09-115,"CHAMBER OF COMMERCE OF THE UNITED STATES OF AMERICA, et al., PETITIONERS v. MICHAEL B. WHITING ET AL",2010,5.0,0,0,0
06-340,"NATIONAL ASSOCIATION OF HOME BUILDERS, et al. v. DEFENDERS OF WILDLIFE et al.",2006,5.0,1,1,1
05-502,"BRIGHAM CITY, UTAH v. CHARLES W. STUART et al.",2005,8.0,1,1,1
11-982,"ALREADY, LLC, DBA YUMS, PETITIONER v. NIKE, INC.",2012,9.0,0,0,0
08-1065,"POTTAWATTAMIE COUNTY, IOWA, et al., PETITIONERS v. CURTIS W. MCGHEE, JR., et al.",2009,9.0,0,0,0
06-1456,HUMBERTO FIDEL REGALADO CUELLAR v. UNITED STATES,2007,9.0,1,1,0
06-1457,"MORGAN STANLEY CAPITAL GROUP INC. v. PUBLIC UTILITY DISTRICT NO. 1 OF SNOHOMISH COUNTY, WASHINGTON, et al.",2007,5.0,1,1,0
12-17,"MARK J. MCBURNEY, et al., PETITIONERS v. NATHANIEL L. YOUNG, DEPUTY COMMISSIONER AND DIRECTOR, VIRGINIA DIVISION OF CHILD SUPPORT ENFORCEMENT, et al.",2012,9.0,1,1,0
12-10,"AGENCY FOR INTERNATIONAL DEVELOPMENT, et al., PETITIONERS v. ALLIANCE FOR OPEN SOCIETY INTERNATIONAL, INC., et al.",2012,6.0,1,0,0
05-184,"SALIM AHMED HAMDAN v. DONALD H. RUMSFELD, SECRETARY OF DEFENSE, et al.",2005,5.0,1,1,1
09-987,"ARIZONA CHRISTIAN SCHOOL TUITION ORGANIZATION, PETITIONER v. KATHLEEN M. WINN et al.",2010,5.0,1,1,1
06-413,"JEFFREY UTTECHT, SUPERINTENDENT, WASHINGTON STATE PENITENTIARY v. CAL COBURN BROWN",2006,5.0,1,1,1
12-1182,EPA v. EME HOMER CITY GENERATION,2013,6.0,1,1,1
11-10189,"CARLOS TREVINO, PETITIONER v. RICK THALER, DIRECTOR, TEXAS DEPARTMENT OF CRIMINAL JUSTICE, CORRECTIONAL INSTITUTIONS DIVISION",2012,5.0,1,1,1
09-1088,"VINCENT CULLEN, ACTING WARDEN, PETITIONER v. SCOTT LYNN PINHOLSTER",2010,5.0,1,1,1
07-290,DISTRICT OF COLUMBIA v. HELLER,2007,5.0,0,0,0
12-696,TOWN OF GREECE v. GALLOWAY,2013,5.0,1,1,1
07-1315,"MICHAEL A. KNOWLES, WARDEN v. ALEXANDRE MIRZAYANCE",2008,9.0,1,1,1
09-1298,"GENERAL DYNAMICS CORPORATION, PETITIONER, v. UNITED STATES",2010,9.0,1,1,1
11-556,"MAETTA VANCE, PETITIONER v. BALL STATE UNIVERSITY",2012,5.0,1,0,0
14-15,"ARMSTRONG v. EXCEPTIONAL CHILD CENTER, INC.",2014,5.0,1,1,1
12-133,"AMERICAN EXPRESS COMPANY, et al., PETITIONERS v. ITALIAN COLORS RESTAURANT, et al.",2012,5.0,1,1,1
12-135,"OXFORD HEALTH PLANS LLC, PETITIONER v. JOHN IVAN SUTTER",2012,9.0,0,0,0
12-138,BG GROUP PLC v. REPUBLIC OF ARGENTINA,2013,7.0,1,1,1
10-1265,"MICHAEL MARTEL, WARDEN, PETITIONER v. KENNETH CLAIR",2011,9.0,1,1,1
10-1261,"CREDIT SUISSE SECURITIES (USA) LLC, et al., PETITIONERS v. VANESSA SIMMONDS",2011,8.0,1,1,1
08-911,"AGRON KUCANA v. ERIC H. HOLDER, JR., ATTORNEY GENERAL",2009,9.0,1,1,1
10-218,"PPL MONTANA, LLC, PETITIONER v. MONTANA",2011,9.0,1,1,1
11-159,"MICHAEL J. ASTRUE, COMMISSIONER OF SOCIAL SECURITY, PETITIONER v. KAREN K. CAPATO, ON BEHALF OF B. N. C., et al.",2011,9.0,1,1,1
07-371,TAYLOR v. STURGELL,2007,9.0,1,1,1
12-144,HOLLINGSWORTH v. PERRY,2012,5.0,1,1,1
05-8794,"CLARENCE E. HILL v. JAMES R. MCDONOUGH, INTERIM SECRETARY, FLORIDA DEPARTMENT OF CORRECTIONS, et al.",2005,9.0,0,1,1
05-130,"EBAY INC., et al. v. MERCEXCHANGE, L. L. C.",2005,9.0,0,1,1
12-873,"LEXMARK INT'L, INC. v. STATIC CONTROL COMPONENTS, INC.,",2013,9.0,1,0,0
12-1315,"PETRELLA v. METRO-GOLDWYN-MAYER, INC.",2013,6.0,1,1,1
06-484,"TELLABS, INC., et al. v. MAKOR ISSUES & RIGHTS, LTD., et al.",2006,8.0,1,1,1
12-123,"MARVIN D. HORNE, et al., PETITIONERS v. DEPARTMENT OF AGRICULTURE",2012,9.0,1,1,1
13-534,NC BD. OF DENTAL EXAMINERS v. FTC,2014,6.0,1,0,0
06-480,"LEEGIN CREATIVE LEATHER PRODUCTS, INC. v. PSKS, INC., DBA KAY'S KLOSET . . . KAY'S SHOES",2006,5.0,1,1,1
"138, Orig.",STATE OF SOUTH CAROLINA v. STATE OF NORTH CAROLINA,2009,5.0,1,1,1
12-9012,ROBERS v. UNITED STATES,2013,9.0,0,0,0
07-9712,JAMES BENJAMIN PUCKETT v. UNITED STATES,2008,7.0,1,0,1
09-337,WANDA KRUPSKI v. COSTA CROCIERE S. P. A.,2009,9.0,1,1,1
10-1001,"LUIS MARIANO MARTINEZ, PETITIONER v. CHARLES L. RYAN, DIRECTOR, ARIZONA DEPARTMENT OF CORRECTIONS",2011,7.0,0,0,1
06-9130,ABDUS-SHAHID M. S. ALI v. FEDERAL BUREAU OF PRISONS ET AL,2007,5.0,0,0,0
08-1119,"MILAVETZ, GALLOP & MILAVETZ, P. A., et al. v. UNITED STATES",2009,9.0,1,1,1
04-1332,"RICHARD WILL, et al. v. SUSAN HALLOCK, et al.",2005,9.0,0,0,1
10-1491,"ESTHER KIOBEL, INDIVIDUALLY AND ON BEHALF OF HER LATE HUSBAND, DR. BARINEM KIOBEL, et al., PETITIONERS v. ROYAL DUTCH PETROLEUM CO. et al.",2012,9.0,0,0,0
13-553,"ALA. DEP'T OF REVENUE v. CSX TRANSP., INC.",2014,5.0,1,1,1
09-6822,"JASON PEPPER, PETITIONER v. UNITED STATES",2010,6.0,1,1,0
05-5966,ERIC MICHAEL CLARK v. ARIZONA,2005,5.0,1,1,0
06-1287,"CSX TRANSPORTATION, INC. v. GEORGIA STATE BOARD OF EQUALIZATION ET AL",2007,9.0,1,1,1
12-1163,HIGHMARK INC. v. ALLCARE HEALTH MGMT. SYS.,2013,9.0,1,1,1
10-694,"JOEL JUDULANG, PETITIONER v. ERIC H. HOLDER, JR., ATTORNEY GENERAL",2011,9.0,1,1,1
10-699,"MENACHEM BINYAMIN ZIVOTOFSKY, BY HIS PARENTS AND GUARDIANS, ARI Z. AND NAOMI SIEGMAN ZIVOTOFSKY, PETITIONER v. HILLARY RODHAM CLINTON, SECRETARY OF STATE",2011,8.0,1,1,1
12-1168,MCCULLEN v. COAKLEY,2013,9.0,1,0,1
11-1351,"STEVEN ALAN LEVIN, PETITIONER v. UNITED STATES et al.",2012,9.0,1,1,1
07-1529,JESSE JAY MONTEJO v. LOUISIANA,2008,5.0,0,0,1
05-85,"POWEREX CORP. v. RELIANT ENERGY SERVICES, INC., et al.",2006,7.0,1,1,1
13-1019,"MACH MINING, LLC, v. EQUAL EMPLOYMENT OPPORTUNITY COMMISSION",2014,9.0,1,1,1
05-83,WASHINGTON v. ARTURO R. RECUENCO,2005,7.0,1,1,1
07-77,"BOB RILEY, GOVERNOR OF ALABAMA v. YVONNE KENNEDY ET AL",2007,7.0,1,1,1
09-1156,"MATRIXX INITIATIVES, INC., et al., PETITIONERS v. JAMES SIRACUSANO et al.",2010,9.0,1,1,0
06-1082,VIRGINIA v. DAVID LEE MOORE,2007,9.0,1,1,1
11-1450,"THE STANDARD FIRE INSURANCE COMPANY, PETITIONER v. GREG KNOWLES",2012,9.0,1,1,1
13-212,,-1,9.0,0,,
11-697,"SUPAP KIRTSAENG, DBA BLUECHRISTINE99, PETITIONER v. JOHN WILEY & SONS, INC.",2012,6.0,0,0,1
04-1527,S. D. WARREN COMPANY v. MAINE BOARD OF ENVIRONMENTAL PROTECTION et al.,2005,9.0,1,1,0
06-637,"BOARD OF EDUCATION OF THE CITY SCHOOL DISTRICT OF THE CITY OF NEW YORK v. TOM F., ON BEHALF OF GILBERT F., A MINOR CHILD",2007,4.0,0,0,0
09-804,"CIGNA CORPORATION, et al., PETITIONERS v. JANICE C. AMARA, et al., INDIVIDUALLY AND ON BEHALF OF ALL OTHERS SIMILARLY SITUATED",2010,8.0,0,0,1
10-779,"SORRELL, ATTORNEY GENERAL OF VERMONT, et al. v. IMS HEALTH INC. ET AL",2010,6.0,0,0,0
04-1528,"NEIL RANDALL, et al. v. WILLIAM H. SORRELL et al.",2005,6.0,1,1,1
13-1499,WILLIAMS–YULEE v. THE FLORIDA BAR,2014,5.0,0,0,0
10-174,"AMERICAN ELECTRIC POWER COMPANY, INC., et al., PETITIONERS v. CONNECTICUT ET AL",2010,8.0,1,1,1
07-1410,UNITED STATES v. NAVAJO NATION,2008,9.0,1,1,1
12-7515,BURRAGE v. UNITED STATES,2013,9.0,1,1,1
04-1244,"JOSEPH SCHEIDLER, et al. v. NATIONAL ORGANIZATION FOR WOMEN, INC., et al.",2005,8.0,1,1,1
10-179,"HOWARD K. STERN, EXECUTOR OF THE ESTATE OF VICKI LYNN MARSHALL, PETITIONER, v. ELAINE T. MARSHALL, EXECUTRIX OF THE ESTATE OF E. PIERCE MARSHALL",2010,5.0,1,0,0
05-381,"WEYERHAEUSER COMPANY V.ROSS-SIMMONS HARDWOOD LUMBER COMPANY, INC.",2006,9.0,1,1,1
05-380,"ALBERTO R. GONZALES, ATTORNEY GENERAL v. LEROY CARHART, et al.",2006,5.0,1,0,1
08-1438,"HARVEY LEROY SOSSAMON, III, PETITIONER v. TEXAS et al.",2010,6.0,1,0,0
09-658,"JEFF PREMO, SUPERINTENDENT, OREGON STATE PENITENTIARY, PETITIONER v. RANDY JOSEPH MOORE",2010,8.0,1,1,1
06-1221,SPRINT/UNITED MANAGEMENT COMPANY v. ELLEN MENDELSOHN,2007,9.0,1,1,1
05-260,"JOEL SEREBOFF, ET UX. v. MID ATLANTIC MEDICAL SERVICES, INC.",2005,9.0,1,1,0
08-310,"POLAR TANKERS, INC. v. CITY OF VALDEZ, ALASKA",2008,7.0,1,1,1
04-1704,DAIMLERCHRYSLER CORPORATION v. CHARLOTTE CUNO et al.,2005,9.0,1,1,1
08-1341,UNITED STATES v. GLENN MARCUS,2009,7.0,1,1,1
05-18,ARLINGTON CENTRAL SCHOOL DISTRICT BOARD OF EDUCATION v. PEARL MURPHY ET VIR,2005,6.0,1,1,1
06-457,"G. STEVEN ROWE, ATTORNEY GENERAL OF MAINE v. NEW HAMPSHIRE MOTOR TRANSPORT ASSOCIATION, et al.",2007,9.0,1,1,0
12-315,AIR WISCONSIN AIRLINES CORP. v. HOEPER,2013,6.0,1,1,1
06-84,"SAFECO INSURANCE COMPANY OF AMERICA, et al. v. CHARLES BURR, et al.",2006,9.0,1,1,1
11-817,"FLORIDA, PETITIONER v. CLAYTON HARRIS",2012,9.0,0,0,1
07-8521,"EDWARD JEROME HARBISON v. RICKY BELL, WARDEN",2008,7.0,0,1,1
06-11543,LARRY BEGAY v. UNITED STATES,2007,6.0,1,1,1
11-204,"MICHAEL SHANE CHRISTOPHER, et al., PETITIONERS v. SMITHKLINE BEECHAM CORPORATION DBA GLAXOSMITHKLINE",2011,5.0,0,0,0
04-928,OREGON v. RANDY LEE GUZEK,2005,8.0,1,1,1
04-1144,"KELLY A. AYOTTE, ATTORNEY GENERAL OF NEW HAMPSHIRE v. PLANNED PARENTHOOD OF NORTHERN NEW ENGLAND, et al.",2005,9.0,1,1,1
12-416,"FEDERAL TRADE COMMISSION, PETITIONER v. ACTAVIS, INC., et al.",2012,5.0,0,1,1
12-414,BURT v. TITLOW,2013,9.0,1,1,1
04-1140,"GERALD T. MARTIN, ET UX. v. FRANKLIN CAPITAL CORPORATION et al.",2005,9.0,1,0,0
08-674,"NRG POWER MARKETING, LLC, et al. v. MAINE PUBLIC UTILITIES COMMISSION et al.",2009,8.0,1,1,1
12-794,WHITE v. WOODALL,2013,6.0,1,1,1
08-678,"MOHAWK INDUSTRIES, INC. v. NORMAN CARPENTER",2009,9.0,1,1,0
04-1067,GEORGIA v. SCOTT FITZ RANDOLPH,2005,5.0,0,0,0
12-418,"UNITED STATES, PETITIONER v. ANTHONY JAMES KEBODEAUX",2012,7.0,1,1,1
09-479,"KEVIN ABBOTT, PETITIONER v. UNITED STATES",2010,8.0,0,0,0
09-571,"HARRY F. CONNICK, DISTRICT ATTORNEY, et al., PETITIONERS v. JOHN THOMPSON",2010,5.0,1,1,1
06-313,"DON ROPER, SUPERINTENDENT, POTOSI CORRECTIONAL CENTER v. WILLIAM WEAVER",2006,6.0,0,0,0
12-1281,NLRB v. NOEL CANNING,2013,9.0,1,1,0
09-475,"MONSANTO COMPANY, et al. v. GEERTSON SEED FARMS et al.",2009,7.0,1,1,1
10-313,"TALK AMERICA, PETITIONER v. MICHIGAN BELL TELEPHONE COMPANY DBA AT&T MICHIGAN",2010,8.0,1,1,1
06-6330,DERRICK KIMBROUGH v. UNITED STATES,2007,7.0,1,1,0
12-246,"GENOVEVO SALINAS, PETITIONER v. TEXAS",2012,5.0,0,0,0
08-810,"SALLY L. CONKRIGHT, et al. v. PAUL J. FROMMERT et al.",2009,5.0,0,0,1
08-1332,"CITY OF ONTARIO, CALIFORNIA, et al. v. JEFF QUON et al.",2009,9.0,1,1,1
11-1274,"MARC J. GABELLI AND BRUCE ALPERT, PETITIONERS v. SECURITIES AND EXCHANGE COMMISSION",2012,9.0,0,0,1
09-152,"RUSSEL BRUESEWITZ, et al. PETITIONERS v. WYETH LLC, FKA WYETH, INC., FKA WYETH LABORATORIES, et al.",2010,6.0,0,0,0
11-400,,-1,5.0,1,,
11-889,"TARRANT REGIONAL WATER DISTRICT, PETITIONER v. RUDOLF JOHN HERRMANN, et al.",2012,9.0,0,0,0
11-1175,"OLIVEA MARX, PETITIONER v. GENERAL REVENUE CORPORATION",2012,7.0,1,0,0
09-10245,WILLIAM FREEMAN v. UNITED STATES,2010,5.0,1,0,1
11-338,"DOUG DECKER, IN HIS OFFICIAL CAPACITY AS OREGON STATE FORESTER, et al., PETITIONERS v. NORTHWEST ENVIRONMENTAL DEFENSE CENTER;",2012,7.0,1,1,1
09-150,"MICHIGAN, PETITIONER v. RICHARD PERRY BRYANT",2010,6.0,1,1,1
05-547,"JOSE ANTONIO LOPEZ v. ALBERTO R. GONZALES, ATTORNEY GENERAL",2006,8.0,1,1,0
12-25,"EDWARD F. MARACICH, et al., PETITIONERS v. MICHAEL EUGENE SPEARS et al.",2012,5.0,0,0,1
11-94,SOUTHERN UNION CO. v. UNITED STATES,2011,6.0,1,1,1
09-158,"BILLY JOE MAGWOOD v. TONY PATTERSON, WARDEN, et al.",2009,5.0,0,1,0
08-495,"MANOJ NIJHAWAN v. ERIC H. HOLDER, JR., ATTORNEY GENERAL",2008,9.0,0,0,0
04-721,"MIKE EVANS, ACTING WARDEN v. REGINALD CHAVIS",2005,9.0,1,0,1
06-856,"JAMES LARUE v. DEWOLFF, BOBERG & ASSOCIATES, INC., ET AL",2007,9.0,1,1,1
12-1036,MISS. EX REL. HOOD v. AU OPTRONICS CORP.,2013,9.0,0,0,1
08-7621,JOE HARRIS SULLIVAN v. FLORIDA,2009,9.0,0,0,0
12-1038,UNITED STATES v. APEL,2013,9.0,1,1,1
10-1293,"FEDERAL COMMUNICATIONS COMMISSION, et al., PETITIONERS v. FOX TELEVISION STATIONS, INC., et al. FEDERAL COMMUNICATIONS COMMISSION, et al., PETITIONERS v. ABC, INC., et al.",2011,8.0,1,1,1
07-10374,"KEITH HAYWOOD v. CURTIS DROWN, et al.",2008,5.0,1,1,1
09-1233,"EDMUND G. BROWN, JR., GOVERNOR OF CALIFORNIA, et al., APPELLANTS v. MARCIANO PLATA et al.",2010,5.0,0,0,0
08-88,VERMONT v. MICHAEL BRILLON,2008,7.0,1,1,1
09-5201,"MICHAEL GARY BARBER, et al. v. J. E. THOMAS, WARDEN",2009,6.0,1,0,0
05-1448,"JEFFREY H. BECK, LIQUIDATING TRUSTEE OF THE ESTATES OF CROWN VANTAGE, INC. AND CROWN PAPER COMPANY v. PACE INTERNATIONAL UNION et al.",2006,9.0,1,1,1
10-553,"HOSANNA-TABOR EVANGELICAL LUTHERAN CHURCH AND SCHOOL v. EQUAL EMPLOYMENT OPPORTUNITY COMMISSION, et al.",2011,9.0,1,0,1
11-9540,"MATTHEW ROBERT DESCAMPS, PETITIONER v. UNITED STATES",2012,8.0,1,1,1
07-440,ROTHGERY v. GILLESPIE COUNTY,2007,8.0,1,1,1
10-382,"UNITED STATES, PETITIONER v. JICARILLA APACHE NATION",2010,7.0,1,1,1
11-1221,"JACQUELINE HILLMAN, PETITIONER v. JUDY A. MARETTA",2012,9.0,1,0,0
10-6,"GLOBAL-TECH APPLIANCES, INC., et al., PETITIONERS v. SEB S.A.",2010,8.0,0,0,0
07-320,DAVIS v. FEC,2007,5.0,1,1,1
10-10,"MICHAEL D. TURNER, PETITIONER v. REBECCA L. ROGERS et al.",2010,5.0,1,1,1
07-1114,"GARY BRADFORD CONE v. RICKY BELL, WARDEN",2008,7.0,1,1,1
04-10566,MOISES SANCHEZ-LLAMAS v. OREGON,2005,6.0,1,1,0
05-908,PARENTS INVOLVED IN COMMUNITY SCHOOLS v. SEATTLE SCHOOL DISTRICT NO. 1 et al.,2006,5.0,1,1,1
06-1204,PHILIPPINES v. PIMENTEL,2007,7.0,1,1,1
04-1203,UNITED STATES v. GEORGIA et al.,2005,9.0,1,1,1
05-1240,ANDRE WALLACE v. KRISTEN KATO et al.,2006,7.0,1,0,0
06-179,"DONNA S. RIEGEL, INDIVIDUALLY AND AS ADMINISTRATOR OF THE ESTATE OF CHARLES R. RIEGEL v. MEDTRONIC, INC.",2007,8.0,1,1,0
07-10441,JOHNNIE CORLEY v. UNITED STATES,2008,5.0,1,1,0
05-7058,"LORENZO L. JONES V.BARBARA BOCK, WARDEN, et al.",2006,9.0,1,1,1
13-7211,JENNINGS v. STEPHENS,2014,6.0,1,1,1
07-11191,MARK A. BRISCOE AND SHELDON A. CYPRESS v. VIRGINIA,2009,9.0,0,0,1
05-1629,"ALBERTO R. GONZALES, ATTORNEY GENERAL v. LUIS ALEXANDER DUENAS-ALVAREZ",2006,9.0,1,1,1
04-1360,"BOOKER T. HUDSON, JR. v. MICHIGAN",2005,5.0,0,0,0
06-1037,KY. RET. SYS. v. EEOC,2007,5.0,1,1,1
08-586,"JERRY N. JONES, et al. v. HARRIS ASSOCIATES L. P.",2009,9.0,1,1,1
04-1581,"WISCONSIN RIGHT TO LIFE, INC. v. FEDERAL ELECTION COMMISSION",2005,9.0,0,1,1
08-1553,KAWASAKI KISEN KAISHA LTD. et al. v. REGAL-BELOIT CORP. et al.,2009,6.0,1,1,1
12-357,SEKHAR v. UNITED STATES,2012,9.0,1,1,1
06-1595,"VICKY S. CRAWFORD v. METROPOLITAN GOVERNMENT OF NASHVILLE AND DAVIDSON COUNTY, TENNESSEE",2008,9.0,1,1,1
08-192,SALMAN KHADE ABUELHAWA v. UNITED STATES,2008,9.0,1,1,0
07-1209,"ERIC K. SHINSEKI, SECRETARY OF VETERANS AFFAIRS v. WOODROW F. SANDERS",2008,6.0,1,1,1
07-588,"ENTERGY CORPORATION v. RIVERKEEPER, INC., et al.",2008,5.0,1,1,1
07-665,"PLEASANT GROVE CITY, UTAH et al. v. SUMMUM",2008,9.0,1,1,1
06-713,"WASHINGTON STATE GRANGE v. WASHINGTON STATE REPUBLICAN PARTY, et al.",2007,7.0,1,1,1
07-582,"FEDERAL COMMUNICATIONS COMMISSION, et al. v. FOX TELEVISION STATIONS, INC., et al.",2008,5.0,1,1,1
07-581,14 PENN PLAZA LLC et al. v. STEVEN PYETT et al.,2008,5.0,0,1,1
07-219,EXXON SHIPPING CO. v. BAKER,2007,5.0,1,1,1
08-7412,TERRANCE JAMAR GRAHAM v. FLORIDA,2009,6.0,1,1,1
05-1575,"DORA B. SCHRIRO, DIRECTOR, ARIZONA DEPARTMENT OF CORRECTIONS v. JEFFREY TIMOTHY LANDRIGAN, AKA BILLY PATRICK WAYNE HILL",2006,5.0,1,1,1
11-564,"FLORIDA, PETITIONER v. JOELIS JARDINES",2012,5.0,0,0,0
07-214,"ALLISON ENGINE COMPANY, INC., et al. v. UNITED STATES ex rel. ROGER L. SANDERS AND ROGER L. THACKER",2007,9.0,0,1,1
08-108,IGNACIO CARLOS FLORES-FIGUEROA v. UNITED STATES,2008,9.0,0,1,0
12-515,MICHIGAN v. BAY MILLS INDIAN COMMUNITY,2013,5.0,0,0,0
11-345,"ABIGAIL NOEL FISHER, PETITIONER v. UNIVERSITY OF TEXAS AT AUSTIN et al.",2012,7.0,0,0,1
08-538,WILLIAM G. SCHWAB v. NADEJDA REILLY,2009,6.0,0,1,1
08-103,"REED ELSEVIER, INC., et al., v. IRVIN MUCHNICK et al.",2009,8.0,1,1,1
11-681,HARRIS v. QUINN,2013,5.0,1,0,1
08-1371,"CHRISTIAN LEGAL SOCIETY CHAPTER OF THE UNIVERSITY OF CALIFORNIA, HASTINGS COLLEGE OF THE LAW, AKA HASTINGS CHRISTIAN FELLOWSHIP v. LEO P. MARTINEZ et al.",2009,5.0,0,0,0
09-5801,"RUBEN FLORES-VILLAR, PETITIONER v. UNITED STATES",2010,4.0,0,0,0
10-5258,"CLIFTON TERELLE MCNEILL, PETITIONER v. UNITED STATES",2010,9.0,0,1,0
06-1463,ARNOLD M. PRESTON v. ALEX E. FERRER,2007,8.0,1,1,1
08-441,"JACK GROSS v. FBL FINANCIAL SERVICES, INC.",2008,5.0,0,0,1
13-298,ALICE CORP. PTY. LTD. v. CLS BANK INT'L,2013,9.0,1,1,0
06-219,"CHARLES WILKIE, et al. v. HARVEY FRANK ROBBINS",2006,7.0,1,1,1
04-1739,"JEFFREY A. BEARD, SECRETARY, PENNSYLVANIA DEPARTMENT OF CORRECTIONS v. RONALD BANKS, INDIVIDUALLY AND ON BEHALF OF ALL OTHERS SIMILARLY SITUATED",2005,6.0,1,1,1
11-45,ELGIN v. DEPARTMENT OF TREASURY,2011,6.0,0,0,0
06-1666,MUNAF v. GEREN,2007,9.0,0,0,1
13-1333,COLEMAN v. TOLLEFSON,2014,9.0,1,1,0
06-1509,MICHAEL H. BOULWARE v. UNITED STATES,2007,9.0,1,1,0
06-1505,MEACHAM v. KNOLLS ATOMIC POWER LAB.,2007,7.0,1,1,1
13-461,"AMERICAN BROADCASTING COS. v. AEREO, INC.",2013,6.0,1,1,1
06-562,UNITED STATES v. ATLANTIC RESEARCH CORPORATION,2006,9.0,0,1,0
12-62,"MARVIN PEUGH, PETITIONER v. UNITED STATES",2012,5.0,1,1,1
06-11612,HOMERO GONZALEZ v. UNITED STATES,2007,8.0,1,0,0
09-587,"KELLY HARRINGTON, WARDEN, PETITIONER, v. JOSHUA RICHTER",2010,8.0,1,1,1
06-766,"NEW YORK STATE BOARD OF ELECTIONS, et al. v. MARGARITA LOPEZ TORRES ET AL",2007,9.0,1,1,1
11-1231,"KATHLEEN SEBELIUS, SECRETARY OF HEALTH AND HUMAN SERVICES, PETITIONER v. AUBURN REGIONAL MEDICAL CENTER et al.",2012,9.0,1,1,1
05-1157,"CREDIT SUISSE SECURITIES (USA) LLC, FKA CREDIT SUISSE FIRST BOSTON LLC, et al. v. GLEN BILLING et al.",2006,7.0,1,1,1
13-435,"OMNICARE, INC. v. LABORERS DIST. COUNCIL CONSTR. INDUS. PENSION FUND",2014,9.0,0,0,1
08-214,"ATLANTIC SOUNDING CO., INC., et al. v. EDGAR L. TOWNSEND",2008,5.0,0,0,0
12-1493,ABRAMSKI v. UNITED STATES,2013,5.0,0,0,0
04-607,"LABORATORY CORPORATION OF AMERICA HOLDINGS, DBA LABCORP v. METABOLITE LABORATORIES, INC., et al.",2005,5.0,0,0,1
04-1152,"DONALD H. RUMSFELD, SECRETARY OF DEFENSE, et al. v. FORUM FOR ACADEMIC AND INSTITUTIONAL RIGHTS, INC., et al.",2005,8.0,1,1,1
06-7517,IRIZARRY v. UNITED STATES,2007,5.0,0,0,1
09-10876,"DONALD BULLCOMING, PETITIONER v. NEW MEXICO",2010,5.0,1,1,1
12-1371,UNITED STATES v. CASTLEMAN,2013,9.0,1,1,1
08-1198,"STOLT-NIELSEN S. A., et al. v. ANIMALFEEDS INTERNATIONAL CORP.",2009,5.0,1,1,1
05-409,"CARL KIRCHER, et al. v. PUTNAM FUNDS TRUST et al.",2005,9.0,1,1,1
08-1191,"ROBERT MORRISON, et al. v. NATIONAL AUSTRALIA BANK LTD. et al.",2009,8.0,1,0,0
10-1259,"UNITED STATES, PETITIONER v. ANTOINE JONES",2011,9.0,0,0,0
07-1015,"JOHN D. ASHCROFT, FORMER ATTORNEY GENERAL, et al. v. JAVAID IQBAL et al.",2008,5.0,1,1,1
08-969,"HEMI GROUP, LLC AND KAI GACHUPIN v. CITY OF NEW YORK, NEW YORK",2009,5.0,1,1,1
09-1273,"ASTRA USA, INC., et al., PETITIONERS v. SANTA CLARA COUNTY, CALIFORNIA",2010,8.0,1,1,1
09-1272,"KENTUCKY, PETITIONER, v. HOLLIS DESHAUN KING",2010,8.0,1,1,1
12-126,"GREG MCQUIGGIN, WARDEN, PETITIONER v. FLOYD PERKINS",2012,5.0,1,1,1
09-1279,"FEDERAL COMMUNICATIONS COMMISSION, et al., PETITIONERS v. AT&T INC. et al.",2010,8.0,1,1,1
12-3,LAWSON v. FMR LLC,2013,6.0,1,1,1
08-964,"BERNARD L. BILSKI AND RAND A. WARSAW v. DAVID J. KAPPOS, UNDER SECRETARY OF COMMERCE FOR INTELLECTUAL PROPERTY AND DIRECTOR, PATENT AND TRADEMARK OFFICE",2009,9.0,0,0,0
08-1200,"KAREN L. JERMAN v. CARLISLE, MCNELLIE, RINI, KRAMER & ULRICH LPA, et al.",2009,7.0,1,1,1
09-1476,"BOROUGH OF DURYEA, PENNSYLVANIA, et al., PETITIONERS v. CHARLES J GUARNIERI",2010,9.0,1,1,1
13-502,REED v. TOWN OF GILBERT,2014,9.0,1,1,1
11-184,"CAROLYN M. KLOECKNER, PETITIONER v. HILDA L. SOLIS, SECRETARY OF LABOR",2012,9.0,1,1,1
11-182,"ARIZONA, et al., PETITIONERS v. UNITED STATES",2011,5.0,0,0,1
06-6911,JAMES D. LOGAN v. UNITED STATES,2007,9.0,1,1,0
06-969,"FEDERAL ELECTION COMMISSION v. WISCONSIN RIGHT TO LIFE, INC.",2006,5.0,1,0,0
12-842,"REPUBLIC OF ARGENTINA v. NML CAPITAL, LTD.",2013,7.0,0,0,0
09-530,"NATIONAL AERONAUTICS AND SPACE ADMINISTRATION, et al., PETITIONERS v. ROBERT M. NELSON et al.",2010,8.0,1,1,1
08-992,"JEFFREY A. BEARD, SECRETARY, PENNSYLVANIA DEPARTMENT OF CORRECTIONS, et al. v. JOSEPH J. KINDLER",2009,8.0,1,1,1
07-562,"ALTRIA GROUP, INC., et al. v. STEPHANIE GOOD et al.",2008,5.0,1,0,0
05-128,"HOWARD DELIVERY SERVICE, INC., et al. v. ZURICH AMERICAN INSURANCE CO.",2005,6.0,1,1,1
10-224,"NATIONAL MEAT ASSOCIATION, PETITIONER v. KAMALA D. HARRIS, ATTORNEY GENERAL OF CALIFORNIA, et al.",2011,9.0,1,1,1
08-998,"JAN HAMILTON, CHAPTER 13 TRUSTEE v. STEPHANIE KAY LANNING",2009,8.0,1,1,0
09-737,"MICHELLE ORITZ, PETITIONER v. PAULA JORDAN et al.",2010,9.0,1,1,1
12-464,KALEY v. UNITED STATES,2013,6.0,1,0,0
11-1518,"RANDY CURTIS BULLOCK, PETITIONER v. BANKCHAMPAIGN, N. A.",2012,9.0,0,0,1
06-1164,JOHN R. SAND & GRAVEL COMPANY v. UNITED STATES,2007,7.0,0,1,0
08-1107,THE HERTZ CORPORATION v. MELINDA FRIEND et al.,2009,9.0,1,1,1
06-134,"THE PERMANENT MISSION OF INDIA TO THE UNITED NATIONS, et al. v. CITY OF NEW YORK, NEW YORK",2006,7.0,1,0,0
09-329,"CHASE BANK USA, NA., PETITIONER v. JAMES A. MCCOY, INDIVIDUALLY AND ON BEHALF OF ALL OTHERS SIMILARLY SITUATED",2010,9.0,1,1,1
10-507,"PACIFIC OPERATORS OFFSHORE, LLP, et al. v. LUISA L. VALLADOLID ET AL",2011,9.0,1,1,0
11-702,"ADRIAN MONCRIEFFE, PETITIONER v. ERIC H. HOLDER, JR., ATTORNEY GENERAL",2012,7.0,1,0,1
04-1324,"PATRICK DAY v. JAMES R. MCDONOUGH, INTERIM SECRETARY, FLORIDA DEPARTMENT OF CORRECTIONS",2005,6.0,1,1,0
04-1327,BOBBY LEE HOLMES v. SOUTH CAROLINA,2005,9.0,0,1,1
04-1329,"ILLINOIS TOOL WORKS INC., et al. v. INDEPENDENT INK, INC.",2005,8.0,1,1,1
04-805,"TEXACO INC. v. FOUAD N. DAGHER, et al.",2005,8.0,1,1,1
12-1173,BRANDT TRUST v. UNITED STATES,2013,8.0,1,1,1
07-312,"FLA. DEP'T OF REVENUE v. PICCADILLY CAFETERIAS, INC.",2007,7.0,1,1,0
14-114,KING v. BURWELL,2014,6.0,1,1,1
13-1174,GELBOIM v. BANK OF AM. CORP.,2014,9.0,1,1,1
07-1122,ARIZONA v. LEMON MONTREA JOHNSON,2008,9.0,1,1,1
07-1125,"LISA FITZGERALD, et vir v. BARNSTABLE SCHOOL COMMITTEE et al.",2008,9.0,1,1,1
11-1347,"JEFFREY LEE CHAFIN, PETITIONER v. LYNNE HALES CHAFIN",2012,9.0,1,1,1
06-1717,"RICHLIN SECURITY SERVICE COMPANY v. MICHAEL CHERTOFF, SECRETARY OF HOMELAND SECURITY",2007,9.0,1,1,1
09-11328,"WILLIE GENE DAVIS, PETITIONER v. UNITED STATES",2010,7.0,0,0,1
12-547,"LINDA METRISH, WARDEN, PETITIONER v. BURT LANCASTER",2012,9.0,1,1,1
11-8976,"CALVIN SMITH, PETITIONER v. UNITED STATES",2012,9.0,1,0,0
04-9728,DONALD CURTIS SAMSON v. CALIFORNIA,2005,6.0,1,1,0
10-1104,"MARGARET MINNECI, et al. v. RICHARD LEE POLLARD et al.",2011,8.0,1,1,1
10-63,"CORY R. MAPLES, PETITIONER v. KIM T. THOMAS, COMMISSIONER, ALABAMA DEPARTMENT OF CORRECTIONS",2011,7.0,1,1,1
10-9646,"EVAN MILLER, PETITIONER v. ALABAMA",2011,5.0,1,1,1
09-1163,"GLEN SCOTT MILNER, PETITIONER v. DEPARTMENT OF THE NAVY",2010,8.0,0,1,1
10-188,"SCHINDLER ELEVATOR CORPORATION, PETITIONER v. UNITED STATES ex rel. DANIEL KIRK",2010,5.0,1,1,1
09-60,"JOSE ANGEL CARACHURI-ROSENDO v. ERIC H. HOLDER, JR., ATTORNEY GENERAL",2009,9.0,1,1,1
08-146,"ARTHUR ANDERSEN LLP, et al. v. WAYNE CARLISLE et al.",2008,6.0,1,0,1
04-1495,"MICHAEL HARTMAN, FRANK KORMANN, PIERCE MCINTOSH, NORMAN ROBBINS, AND ROBERT EDWARDS v. WILLIAM G. MOORE, JR.",2005,5.0,1,1,1
06-1005,UNITED STATES v. EFRAIN SANTOS AND BENEDICTO DIAZ,2007,5.0,1,1,0
09-1036,"DORETHA H. HENDERSON, AUTHORIZED REPRESENTATIVE OF DAVID L. HENDERSON, DECEASED, PETITIONER v. ERIC K. SHINESKI, SECRETARY OF VETERANS AFFAIRS",2010,8.0,1,1,1
05-1508,"ZUNI PUBLIC SCHOOL DISTRICT NO. 89, et al. v. DEPARTMENT OF EDUCATION, et al.",2006,5.0,0,1,0
12-307,UNITED STATES v. WINDSOR,2012,5.0,1,1,0
04-1477,"GARY KENT JONES v. LINDA K. FLOWERS, et al.",2005,5.0,1,1,1
11-9953,"JONATHAN EDWARD BOYER, PETITIONER v. LOUISIANA",2012,5.0,0,0,1
13-935,"WELLNESS INTERNATIONAL NETWORK, LIMITED v. SHARIF",2014,6.0,1,1,1
11-965,DAIMLERCHRYSLER AG v. BAUMAN,2013,9.0,1,1,1
08-1402,"MARY BERGHUIS, WARDEN v. DIAPOLIS SMITH",2009,9.0,1,1,1
08-240,"MAC'S SHELL SERVICE, INC., et al. v. SHELL OIL PRODUCTS CO. LLC et al.",2009,9.0,0,0,1
07-1239,"DONALD C. WINTER, SECRETARY OF THE NAV., et al. v. NATURAL RESOURCES DEFENSE COUNCIL, INC., et al.",2008,5.0,1,1,1
12-98,"ALDONA WOS, SECRETARY, NORTH CAROLINA DEPARTMENT OF HEALTH AND HUMAN SERVICES, PETITIONER v. E. M. A., A MINOR, BY AND THROUGH HER GUARDIAN AD LITEM, DANIEL H. JOHNSON, et al.",2012,6.0,1,0,0
13-1371,"TEXAS DEPARTMENT OF HOUSING AND COMMUNITY AFFAIRS v. INCLUSIVE COMMUNITIES PROJECT, INC.",2014,5.0,1,1,0
12-99,UNITE HERE LOCAL 355 v. MULHALL,2013,6.0,1,1,0
05-9264,"ALPHONSO JAMES, JR. v. UNITED STATES",2006,5.0,0,0,1
12-930,SCIALABBA v. CUELLAR DE OSORIO,2013,5.0,1,0,1
07-636,"KARI E. KENNEDY, EXECUTRIX OF THE ESTATE OF WILLIAM PATRICK KENNEDY, DECEASED v. PLAN ADMINISTRATOR FOR DUPONT SAVINGS AND INVESTMENT PLAN et al.",2008,9.0,0,0,0
05-1056,MICROSOFT CORPORATION v. AT&T CORP.,2006,7.0,1,1,1
08-661,"AMERICAN NEEDLE, INC. v. NATIONAL FOOTBALL LEAGUE et al.",2009,9.0,1,1,1
04-1170,"KANSAS v. MICHAEL LEE MARSH, II",2005,5.0,1,1,1
11-9307,"ARMARCION D. HENDERSON, PETITIONER v. UNITED STATES",2012,6.0,1,1,1
09-868,"ASHBEL T. WALL, II, DIRECTOR, RHODE ISLAND DEPARTMENT OF CORRECTIONS, PETITIONER v. KHALIL KHOLI",2010,9.0,1,0,0
12-786,"LIMELIGHT NETWORKS, INC. v. AKAMAI TECHNOLOGIES, INC.",2013,9.0,1,1,1
10-1219,"DAVID J. KAPPOS, UNDER SECRETARY OF COMMERCE FOR INTELLECTUAL PROPERTY AND DIRECTOR, PATENT AND TRADEMARK OFFICE, PETITIONER v. GILBERT P. HYATT",2011,9.0,1,1,0
12-7822,FERNANDEZ v. CALIFORNIA,2013,6.0,1,1,0
04-1618,"NORTHERN INSURANCE COMPANY OF NEW YORK v. CHATHAM COUNTY, GEORGIA",2005,9.0,1,1,1
12-872,MADIGAN v. LEVIN,2013,9.0,1,1,0
10-1211,"PANAGIS VARTELAS, PETITIONER v. ERIC H. HOLDER, JR., ATTORNEY GENERAL",2011,6.0,1,1,1
07-5439,"RALPH BAZE AND THOMAS C. BOWLING v. JOHN D. REES, COMMISSIONER, KENTUCKY DEPARTMENT OF CORRECTIONS, ET AL",2007,7.0,1,1,0
09-1533,"FRANTZ DEPIERRE, PETITIONER v. UNITED STATES",2010,9.0,1,0,0
07-1059,UNITED STATES v. EURODIF S. A. et al.,2008,9.0,1,1,1
12-609,KANSAS v. CHEEVER,2013,9.0,1,1,1
12-761,POM WONDERFUL LLC v. COCA-COLA CO.,2013,8.0,1,1,1
08-1498,"ERIC H. HOLDER, JR., ATTORNEY GENERAL, et al. v. HUMANITARIAN LAW PROJECT et al.",2009,6.0,1,1,1
11-1085,"AMGEN INC., et al., PETITIONERS v. CONNECTICUT RETIREMENT PLANS AND TRUST FUNDS",2012,6.0,0,1,0
08-1322,"MICHAEL J. ASTRUE, COMMISSIONER OF SOCIAL SECURITY v. CATHERINE G. RATLIFF",2009,9.0,1,1,1
06-1431,"CBOCS WEST, INC. v. HEDRICK G. HUMPHRIES",2007,7.0,0,1,0
07-6984,"CARLOS JIMENEZ v. NATHANIEL QUARTERMAN, DIRECTOR, TEXAS DEPARTMENT OF CRIMINAL JUSTICE, CORRECTIONAL INSTITUTIONS DIVISION",2008,9.0,1,1,1
07-474,"ANUP ENGQUIST v. OREGON DEPARTMENT OF AGRICULTURE, ET AL",2007,6.0,1,1,0
08-9156,"HOLLY WOOD, PETITIONER v. RICHARD F. ALLEN, COMMISSIONER, ALABAMA DEPARTMENT OF CORRECTIONS, et al.",2009,7.0,0,0,0
11-1160,"FEDERAL TRADE COMMISSION, PETITIONER v. PHOEBE PUTNEY HEALTH SYSTEM, INC., et al.",2012,9.0,0,0,1
06-923,METRO. LIFE INS. CO. v. GLENN,2007,6.0,0,1,0
04-631,"JOAN WAGNON, SECRETARY, KANSAS DEPARTMENT OF REVENUE v. PRAIRIE BAND POTAWATOMI NATION",2005,7.0,1,1,1
04-980,"JILL L. BROWN, WARDEN v. RONALD L. SANDERS",2005,5.0,1,1,1
08-322,"NORTHWEST AUSTIN MUNICIPAL UTILITY DISTRICT NUMBER ONE v. ERIC H. HOLDER, JR., ATTORNEY GENERAL, et al.",2008,8.0,0,0,1
07-689,"GARY BARTLETT, EXECUTIVE DIRECTOR OF THE NORTH CAROLINA STATE BOARD OF ELECTIONS et al. v. DWIGHT STRICKLAND et al.",2008,5.0,1,1,0
12-1200,EXECUTIVE BENEFITS INS. AGENCY v. ARKISON,2013,9.0,0,1,0
07-526,"DONALD L. CARCIERI, GOVERNOR OF RHODE ISLAND, et al. v. KEN L. SALAZAR, SECRETARY OF THE INTERIOR, et al.",2008,6.0,1,1,1
09-6338,PERCY DILLON v. UNITED STATES,2009,7.0,1,1,1
12-1146,UTIL. AIR REGULATORY GROUP v. EPA,2013,7.0,0,0,0
05-595,"GLEN WHORTON, DIRECTOR, NEVADA DEPARTMENT OF CORRECTIONS v. MARVIN HOWARD BOCKTING",2006,9.0,1,1,1
06-8273,STEPHEN DANFORTH v. MINNESOTA,2007,7.0,1,1,1
05-593,"PAT OSBORN v. BARRY HALEY, et al.",2006,7.0,1,0,0
12-207,"MARYLAND, PETITIONER v. ALONZO JAY KING, JR.",2012,5.0,1,1,1
06-11206,DEONDERY CHAMBERS v. UNITED STATES,2008,9.0,1,1,1
09-367,BRIAN RUSSELL DOLAN v. UNITED STATES,2009,5.0,1,0,0
04-597,"UNITHERM FOOD SYSTEMS, INC. v. SWIFT-ECKRICH, INC., DBA CONAGRA REFRIGERATED FOODS",2005,7.0,1,1,1
04-593,"DOMINO'S PIZZA, INC., et al. v. JOHN MCDONALD",2005,8.0,1,1,1
08-1394,JEFFREY K. SKILLING v. UNITED STATES,2009,9.0,0,1,1
10-235,"CSX TRANSPORTATION, INC., PETITIONER v. ROBERT MCBRIDE",2010,5.0,0,1,0
09-1227,"CAROL ANNE BOND, PETITIONER v. UNITED STATES",2010,9.0,1,1,1
10-545,"LAWRENCE GOLAN, et al. v. ERIC H. HOLDER, JR., ATTORNEY GENERAL, et al.",2011,6.0,0,1,0
13-7451,YATES v. UNITED STATES,2014,5.0,1,1,1
07-455,UNITED STATES v. AHMED RESSAM,2007,8.0,1,1,1
04-848,BARBARA DOLAN v. UNITED STATES POSTAL SERVICE et al.,2005,7.0,1,1,1
09-448,BRIDGET HARDT v. RELIANCE STANDARD LIFE INSURANCE COMPANY,2009,9.0,1,1,1
13-550,TIBBLE v. EDISON INTERNATIONAL,2014,9.0,1,1,1
06-1195,BOUMEDIENE v. BUSH,2007,5.0,1,1,1
05-7053,KESHIA CHERIE ASHFORD DIXON v. UNITED STATES,2005,7.0,1,0,1
11-1545,"CITY OF ARLINGTON, TEXAS, et al., PETITIONERS v. FEDERAL COMMUNICATIONS COMMISSION et al.",2012,6.0,0,1,0
11-1425,"MISSOURI, PETITIONER v. G. MCNEELY",2012,5.0,0,0,0
06-666,"DEPARTMENT OF REVENUE OF KENTUCKY, et al. v. GEORGE W. DAVIS, ET UX",2007,7.0,1,1,1
04-1186,"WACHOVIA BANK, NATIONAL ASSOCIATION v. DANIEL G. SCHMIDT, III, et al.",2005,8.0,1,1,1
07-1090,REPUBLIC OF IRAQ v. JORDAN BEATY et al.,2008,9.0,1,1,1
10-1062,"CHANTELL SACKETT, et vir, PETITIONERS v. ENVIRONMENTAL PROTECTION AGENCY, et al.",2011,9.0,1,1,1
07-854,"JOHN VAN DE KAMP, et al. v. THOMAS LEE GOLDSTEIN",2008,9.0,1,1,1
05-1272,"ROCKWELL INTERNATIONAL CORP., et al. v. UNITED STATES et al.",2006,6.0,1,0,1
12-815,"SPRINT COMMUNICATIONS, INC. v. JACOBS",2013,9.0,1,1,1
13-604,HEIEN v. NORTH CAROLINA,2014,8.0,0,0,0
06-102,"SINOCHEM INTERNATIONAL CO., LTD. v. MALAYSIA INTERNATIONAL SHIPPING CORPORATION",2006,9.0,1,1,1
13-115,WOOD v. MOSS,2013,9.0,1,1,1
10-8145,"JUAN SMITH v. BURL CAIN, WARDEN",2011,8.0,1,1,1
09-996,"JAMES WALKER, WARDEN, et al., PETITIONERS v. CHARLES W. MARTIN",2010,9.0,1,1,1
10-945,"ALBERT W. FLORENCE, PETITIONER v. BOARD OF CHOSEN FREEHOLDERS OF THE COUNTY OF BURLINGTON et al.",2011,5.0,1,1,0
04-1350,KSR INTERNATIONAL CO. v. TELEFLEX INC. et al.,2006,9.0,1,1,1
05-1541,EC TERM OF YEARS TRUST v. UNITED STATES,2006,9.0,1,1,1
05-1429,TRAVELERS CASUALTY & SURETY COMPANY OF AMERICA v. PACIFIC GAS AND ELECTRIC COMPANY,2006,9.0,1,1,1
10-948,COMPUCREDIT CORPORATION et al. v. WANDA GREENWOOD et al.,2011,8.0,1,1,1
06-5306,"KEITH BOWLES v. HARRY RUSSELL, WARDEN",2006,5.0,1,1,0
13-1402,KERRY v. DIN,2014,5.0,1,1,1
07-1372,HAWAII et al. v. OFFICE OF HAWAIIAN AFFAIRS et al.,2008,9.0,1,1,1
09-11311,"MARCUS SYKES, PETITIONER v. UNITED STATES",2010,6.0,0,0,0
08-598,"DAVID BOBBY, WARDEN v. MICHAEL BIES",2008,9.0,1,1,1
13-339,CTS CORP. v. WALDBURGER,2013,7.0,1,1,1
13-1032,DIRECT MKTG. ASS'N v. BROHL,2014,9.0,1,1,1
13-1034,MELLOULI v. LYNCH,2014,7.0,1,1,1
10-1542,"ERIC H. HOLDER, JR., ATTORNEY GENERAL, PETITIONER  v. CARLOS MARTINEZ GUTIERREZ",2011,9.0,1,1,1
04-1131,TERRY L. WHITMAN v. DEPARTMENT OF TRANSPORTATION et al.,2005,8.0,1,1,1
12-5196,LAW v. SIEGEL,2013,9.0,1,0,1
05-9222,"LONNIE LEE BURTON v. BELINDA STEWART, SUPERINTENDENT, STAFFORD CREEK CORRECTIONS CENTER",2006,9.0,0,0,1
08-295,"THE TRAVELERS INDEMNITY COMPANY, et al. v. PEARLIE BAILEY et al.",2008,7.0,1,0,1
07-772,"DOUG WADDINGTON, SUPERINTENDENT, WASHINGTON CORRECTIONS CENTER v. CESAR SARAUSAD",2008,6.0,1,0,1
07-773,BETTY E. VADEN v. DISCOVER BANK et al.,2008,5.0,1,1,1
05-200,"EMPIRE HEALTHCHOICE ASSURANCE, INC., DBA EMPIRE BLUE CROSS BLUE SHIELD v. DENISE F. MCVEIGH, AS ADMINISTRATRIX OF THE ESTATE OF JOSEPH E. MCVEIGH",2005,5.0,0,0,0
06-618,OFFICE OF SENATOR MARK DAYTON v. BRAD HANSON,2006,8.0,1,1,0
09-338,"PAUL RENICO, WARDEN v. REGINALD LETT",2009,6.0,1,1,1
13-6827,HOLT v. HOBBS,2014,9.0,1,1,1
04-1506,"ARKANSAS DEPARTMENT OF HEALTH AND HUMAN SERVICES, et al. v. HEIDI AHLBORN",2005,9.0,0,0,0
06-6407,"SCOTT LOUIS PANETTI v. NATHANIEL QUARTERMAN, DIRECTOR, TEXAS DEPARTMENT OF CRIMINAL JUSTICE, CORRECTIONAL INSTITUTIONS DIVISION",2006,5.0,1,1,1
12-236,"KATHLEEN SEBELIUS, SECRETARY OF HEALTH AND HUMAN SERVICES, PETITIONER v. MELISSA CLOER",2012,9.0,1,1,0
10-1399,"DANA ROBERTS, PETITIONER v. SEA-LAND SERVICES, INC., et al.",2011,8.0,1,0,0
05-11284,"JALIL ABDUL-KABIR, FKA TED CALVIN COLE v. NATHANIEL QUARTERMAN, DIRECTOR, TEXAS DEPARTMENT OF CRIMINAL JUSTICE, CORRECTIONAL INSTITUTIONS DIVISION",2006,5.0,1,1,1
06-8120,BRUCE EDWARD BRENDLIN v. CALIFORNIA,2006,9.0,1,1,1
12-729,HEIMESHOFF v. HARTFORD LIFE & ACCIDENT INS. CO.,2013,9.0,1,0,0
12-484,"UNIVERSITY OF TEXAS SOUTHWESTERN MEDICAL CENTER, PETITIONER v. NAIEL NASSAR",2012,5.0,1,1,1
07-1309,EDMUND BOYLE v. UNITED STATES,2008,7.0,1,0,0
06-571,MICHAEL A. WATSON v. UNITED STATES,2007,9.0,1,1,0
10-5443,"CHARLES ANDREW FOWLER, AKA MAN, PETITIONER v. UNITED STATES",2010,7.0,1,1,1
08-681,"JEAN MARC NKEN v. ERIC H. HOLDER, JR., ATTORNEY GENERAL",2008,7.0,1,1,0
08-680,"MARYLAND v. MICHAEL BLAINE SHATZER, SR.",2009,9.0,1,1,1
12-71,"ARIZONA, et al., PETITIONERS v. THE INTER TRIBAL COUNCIL OF ARIZONA, INC., et al.",2012,7.0,1,0,0
13-719,"DART CHEROKEE BASIN OPERATING CO., LLC v. OWENS",2014,5.0,1,1,1
12-79,CHADBOURNE & PARKE LLP v. TROICE,2013,7.0,0,0,0
10-5400,"ALEJANDRA TAPIA, PETITIONER v. UNITED STATES",2010,9.0,1,1,1
13-975,"T–MOBILE SOUTH, LLC V.CITY OF ROSWELL, GEORGIA.",2014,6.0,1,1,1
08-1448,"EDMUND G. BROWN, JR., GOVERNOR OF CALIFORNIA, et al., PETITIONERS v. ENTERTAINMENT MERCHANTS ASSOCIATION, et al.",2010,7.0,1,0,0
08-205,CITIZENS UNITED v. FEDERAL ELECTION COMMISSION,2009,5.0,1,1,1
04-944,"JENIFER ARBAUGH v. Y & H CORPORATION, DBA THE MOONLIGHT CAFE",2005,8.0,1,1,1
08-1569,UNITED STATES v. MARTIN O'BRIEN AND ARTHUR BURGESS,2009,9.0,0,1,0
06-989,"HALL STREET ASSOCIATES, L.L.C. v. MATTEL, INC",2007,6.0,0,0,1
05-1284,"LISA WATSON, et al. v. PHILIP MORRIS COMPANIES, INC., et al.",2006,9.0,1,1,1
05-416,"JEANNE S. WOODFORD, et al. v. VIET MIKE NGO",2005,6.0,1,1,1
08-6,"DISTRICT ATTORNEY'S OFFICE FOR THE THIRD JUDICIAL DISTRICT, et al. v. WILLIAM G. OSBORNE",2008,5.0,1,1,1
06-984,MEDELLIN v. TEXAS,2007,6.0,0,0,0
09-559,"JOHN DOE #1, et al. v. SAM REED, WASHINGTON SECRETARY OF STATE, et al.",2009,8.0,1,1,0
12-158,BOND v. UNITED STATES,2013,9.0,1,1,1
11-626,"FANE LOZMAN, PETITIONER v. THE CITY OF RIVIERA BEACH, FLORIDA",2012,7.0,0,0,1
08-876,"CONRAD M. BLACK, JOHN A. BOULTBEE, AND MARK S. KIPNIS v. UNITED STATES",2009,9.0,1,1,1
08-1214,GRANITE ROCK COMPANY v. INTERNATIONAL BROTHERHOOD OF TEAMSTERS et al.,2009,7.0,0,0,1
08-970,"SONNY PERDUE, GOVERNOR OF GEORGIA, et al. v. KENNY A., BY HIS NEXT FRIEND LINDA WINN, et al.",2009,5.0,1,1,1
13-9972,RODRIGUEZ v. UNITED STATES,2014,6.0,1,1,1
08-974,"ARTHUR L. LEWIS, JR., et al. v. CITY OF CHICAGO, ILLINOIS",2009,9.0,1,1,1
09-1498,"UNITED STATES, PETITIONER v. JASON LOUIS TINKLENBERG",2010,8.0,0,1,0
12-1408,"UNITED STATES v. QUALITY STORES, INC., et al.",2013,8.0,1,1,1
11-1059,"GENESIS HEALTHCARE CORPORATION, et al., PETITIONERS v. LAURA SYMCZYK",2012,5.0,1,1,1
11-199,"ALEXANDER VASQUEZ, PETITIONER v. UNITED STATES.",2011,9.0,0,0,0
04-885,"CENTRAL VIRGINIA COMMUNITY COLLEGE, et al. v. BERNARD KATZ, LIQUIDATING SUPERVISOR FOR WALLACE'S BOOKSTORES, INC.",2005,5.0,0,0,0
11-1118,"JERRY W. GUNN, et al., PETITIONERS v. VERNON F. MINTON",2012,9.0,1,1,1
04-881,JAMES LOCKHART v. UNITED STATES et al.,2005,9.0,1,0,0
08-660,"UNITED STATES ex rel. IRWIN EISENSTEIN v. CITY OF NEW YORK, NEW YORK, et al.",2008,9.0,1,0,0
11-192,"UNITED STATES, PETITIONER v. JAMES X. BORMES",2012,9.0,1,1,1
07-552,"SPRINT COMMUNS. CO., L.P. v. APCC SERVS.",2007,5.0,1,0,0
07-984,"COEUR ALASKA, INC. v. SOUTHEAST ALASKA CONSERVATION COUNCIL et al.",2008,6.0,1,1,1
12-992,RAY HALUCH GRAVEL CO. v. CENT. PENSION FUND OF INT'L UNION OF OPERATING ENG'RS,2013,9.0,1,1,1
08-472,"KEN L. SALAZAR, SECRETARY OF THE INTERIOR, et al. v. FRANK BUONO",2009,5.0,1,1,1
09-751,"ALBERT SNYDER, PETITIONER v. FRED W. PHELPS, SR., et al.",2010,8.0,0,1,0
07-411,PLAINS COMMERCE BANK v. LONG FAMILY LAND & CATTLE CO.,2007,5.0,1,0,1
09-529,"VIRGINIA OFFICE FOR PROTECTION AND ADVOCACY, PETITIONER v. JAMES W. STEWART III, COMMISSIONER, VIRGINIA DEPARTMENT OF BEHAVIORAL HEALTH AND DEVELOPMENTAL SERVICES, et al.",2010,6.0,1,1,1
08-479,"SAFFORD UNIFIED SCHOOL DISTRICT #1, et al.v. APRIL REDDING",2008,8.0,1,1,1
12-1117,PLUMHOFF v. RICKARD,2013,9.0,1,1,1
10-1024,"FEDERAL AVIATION ADMINISTRATION, et al., PETITIONERS v. STANMORE CAWTHON COOPER",2011,5.0,1,1,1
09-1205,"KEITH SMITH, et al., PETITIONERS v. BAYER CORPORATION",2010,9.0,1,1,1
10-238,"ARIZONA FREE ENTERPRISE CLUB'S FREEDOM CLUB PAC, et al., PETITIONERS v. KEN BENNETT, IN HIS OFFICIAL CAPACITY AS ARIZONA SECRETARY OF STATE, et al.",2010,5.0,1,0,1
05-669,"BP AMERICA PRODUCTION COMPANY, SUCCESSOR IN INTEREST TO AMOCO PRODUCTION COMPANY, et al. v. REJANE BURTON, ACTING ASSISTANT SECRETARY, LAND AND MINERALS MANAGEMENT, DEPARTMENT OF THE INTERIOR, et al.",2006,7.0,0,1,0
06-43,"STONERIDGE INVESTMENT PARTNERS, LLC v. SCIENTIFIC-ATLANTA, INC., ET AL",2007,5.0,1,0,0
05-465,"MOHAWK INDUSTRIES, INC. v. SHIRLEY WILLIAMS et al.",2005,9.0,1,1,1
08-1134,"UNITED STUDENT AID FUNDS, INC. v. FRANCISCO J. ESPINOSA",2009,9.0,0,0,0
05-705,"GLOBAL CROSSING TELECOMMUNICATIONS, INC. v. METROPHONES TELECOMMUNICATIONS, INC.",2006,7.0,0,1,0
14-103,"BAKER BOTTS, L.L.P., v. ASARCO, L.L.C.",2014,6.0,1,0,0
10-577,"AKIO KAWASHIMA, ET UX., PETITIONERS v. ERIC H. HOLDER, JR., ATTORNEY GENERAL.",2011,6.0,0,0,0
05-1589,"GARY DAVENPORT, et al. v. WASHINGTON EDUCATION ASSOCIATION",2006,9.0,1,1,1
05-5224,ADRIAN MARTELL DAVIS v. WASHINGTON,2005,9.0,0,1,0
11-713,"RICK PERRY, GOVERNOR OF TEXAS, et al., APPELLANTS v. SHANNON PEREZ et al.",2011,9.0,0,1,1
13-628,ZIVOTOFSKY v. KERRY,2014,6.0,0,0,0
06-593,"LONG ISLAND CARE AT HOME, LTD., et al. v. EVELYN COKE",2006,9.0,1,1,1
12-1184,"OCTANE FITNESS, LLC v. ICON HEALTH & FITNESS, INC.",2013,9.0,1,1,1
07-308,UNITED STATES v. CLINTWOOD ELKHORN MINING COMPANY ET AL,2007,9.0,1,1,1
10-76,"GOODYEAR DUNLOP TIRES OPERATIONS, S.A., et al., PETITIONERS v. EDGAR D. BROWN, ET UX., CO-ADMINISTRATORS OF THE ESTATE OF JULIAN DAVID BROWN, et al.",2010,9.0,1,1,1
11-246,MATCH-E-BE-NASH-SHE-WISH BAND OF POTTAWATOMI INDIANS v. PATCHAK,2011,8.0,1,0,0
12-574,WALDEN v. FIORE,2013,9.0,1,1,1
13-1010,"M&G POLYMERS USA, LLC v. TACKETT",2014,9.0,1,1,1
"137, Orig.","STATE OF MONTANA, PLAINTIFF v. STATE OF WYOMING AND STATE OF NORTH DAKOTA",2010,7.0,1,1,0
06-10119,ALLEN SNYDER v. LOUISIANA,2007,7.0,1,1,1
05-848,"ENVIRONMENTAL DEFENSE, et al. v. DUKE ENERGY CORPORATION, et al.",2006,9.0,1,1,1
13-271,"ONEOK, INC., v. LEARJET, INC.",2014,7.0,1,0,0
12-462,"NORTHWEST, INC. v. GINSBERG",2013,9.0,1,1,1
06-157,"JAY F. HEIN, DIRECTOR, WHITE HOUSE OFFICE OF FAITH-BASED AND COMMUNITY INITIATIVES, et al. v. FREEDOM FROM RELIGION FOUNDATION, INC., et al.",2006,5.0,1,1,1
14-86,"EQUAL EMPLOYMENT OPPORTUNITY COMMISSION v. ABERCROMBIE & FITCH STORES, INC.",2014,8.0,0,1,1
04-1544,VICKIE LYNN MARSHALL v. E. PIERCE MARSHALL,2005,9.0,0,1,1
07-9995,MICHAEL RIVERA v. ILLINOIS,2008,9.0,1,0,0
06-11429,KEITH LAVON BURGESS v. UNITED STATES,2007,9.0,1,1,1
12-9490,PRADO NAVARETTE v. CALIFORNIA,2013,5.0,0,0,0
10-875,"LYNWOOD D. HALL, ET UX., PETITIONERS v. UNITED STATES",2011,5.0,1,1,0
07-6053,GILES v. CALIFORNIA,2007,6.0,0,0,1
07-1437,"CARLSBAD TECHNOLOGY, INC. v. HIF BIO, INC., et al.",2008,9.0,1,1,1
04-1264,"BUCKEYE CHECK CASHING, INC. v. JOHN CARDEGNA et al.",2005,7.0,1,1,1
10-879,"GLORIA GAIL KURNS, EXECUTRIX OF THE ESTATE OF GEORGE M. CORSON, DECEASED, et al., PETITIONERS v. RAILROAD FRICTION PRODUCTS CORPORATION et al.",2011,6.0,0,0,0
08-728,TAYLOR JAMES BLOATE v. UNITED STATES,2009,7.0,0,1,0
08-1008,"SHADY GROVE ORTHOPEDIC ASSOCIATES, P. A. v. ALLSTATE INSURANCE COMPANY",2009,5.0,1,1,1
08-1555,MOHAMED ALI SAMANTAR v. BASHE ABDI YOUSUF et al.,2009,9.0,0,1,0
08-724,"KEITH SMITH, WARDEN v. FRANK G. SPISAK, JR.",2009,9.0,1,1,1
10-1320,"ALEX BLUEFORD, PETITIONER v. ARKANSAS",2011,6.0,1,1,0
13-301,UNITED STATES v. CLARKE,2013,9.0,0,0,1
04-8990,"PAUL GREGORY HOUSE v. RICKY BELL, WARDEN",2005,5.0,1,1,1
07-21,"WILLIAM CRAWFORD, et al., Petitioners v. MARION COUNTY ELECTION BOARD et al.",2007,6.0,1,0,0
05-1126,"BELL ATLANTIC CORPORATION, et al. V.WILLIAM TWOMBLY, et al.",2006,7.0,1,1,1
05-1120,"MASSACHUSETTS, et al. v. ENVIRONMENTAL PROTECTION AGENCY et al.",2006,5.0,1,1,1
12-929,ATLANTIC MARINE CONSTR. CO. v. UNITED STATES DIST. COURT FOR WESTERN DIST. OF TEX.,2013,9.0,1,1,1
07-1223,"EDWARD NATHANIEL BELL v. LORETTA K. KELLY, WARDEN",2008,9.0,1,0,1
07-608,UNITED STATES v. RANDY EDWARD HAYES,2008,7.0,1,1,1
04-905,"VOLVO TRUCKS NORTH AMERICA, INC. v. REEDER-SIMCO GMC, INC.",2005,7.0,1,1,1
10-704,"CURT MESSERSCHMIDT et al., PETITIONERS v. BRENDA MILLENDER, AS EXECUTOR OF THE ESTATE OF AUGUSTA MILLENDER, DECEASED, et al.",2011,6.0,1,1,1
05-998,UNITED STATES v. JUAN RESENDIZ-PONCE,2006,8.0,1,1,1
08-1529,"ESTHER HUI, et al. v. YANIRA CASTANEDA, AS PERSONAL REPRESENTATIVE OF THE ESTATE OF FRANCISCO CASTANEDA, et al.",2009,9.0,1,1,1
11-9335,"ALLEN RYAN ALLEYNE, PETITIONER v. UNITED STATES",2012,5.0,1,1,0
08-1521,"OTIS MCDONALD, et al. v. CITY OF CHICAGO, ILLINOIS, et al.",2009,5.0,1,1,1
05-996,"ROBERT LOUIS MARRAMA v. CITIZENS BANK OF MASSACHUSETTS, et al.",2006,5.0,1,1,0
08-651,JOSE PADILLA v. KENTUCKY,2009,7.0,1,1,1
07-210,"JOHN BRIDGE, et al. v. PHOENIX BOND & INDEMNITY CO. ET AL",2007,9.0,1,1,0
04-759,"UNITED STATES v. JOSEPH OLSON, et al.",2005,9.0,1,1,1
10-277,"WAL-MART STORES, INC., PETITIONER v. BETTY DUKES et al.",2010,5.0,1,1,1
06-376,"JOHN F. HINCK, ET UX. v. UNITED STATES",2006,9.0,0,0,1
12-96,SHELBY COUNTY v. HOLDER,2012,5.0,1,0,1
04-698,"SCHAFFER, A MINOR, BY HIS PARENTS AND NEXT FRIENDS, SCHAFFER, ET VIR, et al. v. WEAST, SUPERINTENDENT, MONTGOMERY COUNTY PUBLIC SCHOOLS, et al.",2005,6.0,1,0,0
06-278,"DEBORAH MORSE, et al. v. JOSEPH FREDERICK",2006,5.0,1,1,1
12-751,FIFTH THIRD BANCORP v. DUDENHOEFFER,2013,9.0,1,1,1
10-8505,WILLIAMS v. ILLINOIS,2011,5.0,0,1,0
13-1211,"HANA FINANCIAL, INC. v. HANA BANK",2014,9.0,1,1,0
"132, Orig.","STATE OF ALABAMA, et al., PLAINTIFFS v. STATE OF NORTH CAROLINA.",2009,6.0,1,1,0
09-1159,"BOARD OF TRUSTEES OF THE LELAND STANFORD JUNIOR UNIVERSITY, PETITIONER v. ROCHE MOLECULAR SYSTEMS, INC., et al.",2010,7.0,0,0,0
12-167,"UNITED STATES, PETITIONER v. ANTHONY DAVILA",2012,9.0,1,1,1
08-1314,"DELBERT WILLIAMSON, et al., PETITIONERS v. MAZDA MOTOR OF AMERICA, INC., et al.",2010,8.0,1,1,1
06-939,CHAMBER OF COMMERCE OF THE UNITED STATES v. BROWN,2007,7.0,1,1,1
07-512,"PACIFIC BELL TELEPHONE COMPANY, DBA AT&T CALIFORNIA et al. v. LINKLINE COMMUNICATIONS, INC., et al.",2008,9.0,1,1,1
07-513,BENNIE DEAN HERRING v. UNITED STATES,2008,5.0,1,0,1
05-1631,TIMOTHY SCOTT v. VICTOR HARRIS,2006,8.0,1,1,1
06-427,TENNESSEE SECONDARY SCHOOL ATHLETIC ASSOCIATION v. BRENTWOOD ACADEMY,2006,9.0,1,1,1
06-937,"QUANTA COMPUTER, INC., et al. v. LG ELECTRONICS, INC.",2007,9.0,1,1,1
09-993,"PLIVIA, INC., et al., PETITIONERS v. GLADYS MENSING",2010,5.0,0,0,1
12-682,SCHUETTE v. COALITION TO DEFEND AFFIRMATIVE ACTION,2013,6.0,1,1,1
04-623,"ALBERTO R. GONZALES, ATTORNEY GENERAL, et al. v. OREGON, et al.",2005,6.0,0,0,0
05-204,"LEAGUE OF UNITED LATIN AMERICAN CITIZENS, et al. v. RICK PERRY, GOVERNOR OF TEXAS, et al.",2005,5.0,0,0,1
08-1175,FLORIDA v. KEVIN DEWAYNE POWELL,2009,7.0,1,1,1
05-11304,LAROYCE LATHAIR SMITH v. TEXAS,2006,5.0,1,1,1
04-473,"GIL GARCETTI, et al. v. RICHARD CEBALLOS",2005,5.0,1,1,1
09-350,"LOS ANGELES COUNTY, CALIFORNIA, PETITIONER v. CRAIG ARTHUR HUMPHRIES et al.",2010,8.0,1,1,1
05-746,NORFOLK SOUTHERN RAILWAY COMPANY v. TIMOTHY SORRELL,2006,9.0,1,1,1
09-291,"ERIC L. THOMPSON, PETITIONER v. NORTH AMERICAN STAINLESS, LP",2010,8.0,1,1,1
06-5247,"JOHN FRANCIS FRY v. CHERYL K. PLILER, WARDEN",2006,5.0,1,1,0
10-1472,"KOUICHI TANIGUCHI, PETITIONER v. KAN PACIFIC SAIPAN, LTD., DBA MARIANAS RESORT AND SPA",2011,6.0,1,1,1
08-905,"MERCK & CO., INC., et al. v. RICHARD REYNOLDS et al.",2009,9.0,1,1,0
09-846,"UNITED STATES, PETITIONER v. TOHONO O'ODHAM NATION",2010,7.0,1,1,1
13-517,WARGER v. SHAUERS,2014,9.0,1,1,0
06-7949,BRIAN MICHAEL GALL v. UNITED STATES,2007,7.0,1,0,1
12-8561,PAROLINE v. UNITED STATES,2013,5.0,1,1,1
10-209,"BLAINE LAFLER, PETITIONER v. ANTHONY COOPER",2011,5.0,1,1,1
11-166,"RADLAX GATEWAY HOTEL, LLC, et al. v. AMALGAMATED BANK",2011,8.0,1,1,0
11-1025,"JAMES R. CLAPPER, JR., DIRECTOR OF NATIONAL INTELLIGENCE, et al., PETITIONERS v. AMNESTY INTERNATIONAL USA et al.",2012,5.0,0,1,1
11-161,"CHRISTINE ARMOUR, et al., PETITIONERS v. CITY OF INDIANAPOLIS, INDIANA, et al.",2011,6.0,0,0,0
10-637,"ERIC GREENE, AKA JARMAINE Q. TRICE v. JON FISHER, SUPERINTENDENT, STATE CORRECTIONAL INSTITUTION AT SMITHFIELD, et al.",2011,9.0,0,0,0
10-6549,"BILLY JOE REYNOLDS, PETITIONER v. UNITED STATES",2011,7.0,1,1,0
08-67,F. SCOTT YEAGER v. UNITED STATES,2008,6.0,1,1,0
08-5274,CHRISTOPHER MICHAEL DEAN v. UNITED STATES,2008,7.0,1,0,0
11-770,"CHUNON L. BAILEY, AKA POLO, PETITIONER v. UNITED STATES",2012,6.0,1,1,1
09-907,"JASON M. RANSOM, PETITIONER v. FIA CARD SERVICES, N.A., FKA MBNA AMERICA BANK, N.A.",2010,8.0,1,1,0
07-463,PRISCILLA SUMMERS et al. v. EARTH ISLAND INSTITUTE et al.,2008,5.0,1,1,0
13-483,LANE v. FRANKS,2013,9.0,1,1,1
07-343,KENNEDY v. LOUISIANA,2007,5.0,1,0,0
